Name,Inf. Period (days),Dead rate,R0,rs,rm,rl
H7N9,3.5,0.35,3.5,0.041666667,1.19047619,35
aids,3650,0.85,4,4.57E-05,0.001141553,85
Ebola,3,0.7,2,0.027777778,1.388888889,70
sars,7,0.5,4,0.023809524,0.595238095,50
flu,7,0.001,2.5,0.014880952,0.595238095,0.1
smallpox,12,0.95,6,0.020833333,0.347222222,95
Hep A,75,0.002,1.3,0.000722222,0.055555556,0.2
measles,11,0.02,16,0.060606061,0.378787879,2
mers,6,0.38,0.47,0.003263889,0.694444444,38
